exp_name,description,Train Time (sec),Test Time (sec),Train Acc,Valid Acc,Test  Acc,Train AUC,Valid AUC,Test  AUC,Train F1 Score,Valid F1 Score,Test F1 Score
Model-1 Baseline LR,Logistic regression with undersampled data 124 features,2.3376,0.0619,0.7731,0.7666,0.7777,0.7525,0.7433,0.7477,0.3586,0.3285,0.3636
Model-2 Baseline LR,Logistic regression with undersampled data-2 124 features,1.4645,0.0486,0.6876,0.6843,0.6904,0.7525,0.7489,0.7535,0.6865,0.6854,0.69
Model-3 KNN,KNN with undersampled data-2 124 features,0.1864,0.5851,0.695,0.6155,0.6184,0.7625,0.6571,0.655,0.6992,0.6205,0.6226
Model-4 SVM,SVM with undersampled data-2 124 features,1993.0196,15.9503,0.6950,0.6155,0.6184,0.7625,0.6571,0.6550,0.6992,0.6205,0.6226
Model-5 Decision Tree,Decision tree with undersampled data-2 124 features,0.784,0.0232,0.6749,0.6535,0.6591,0.738,0.7105,0.7129,0.6881,0.6678,0.673
Model-6 Random Forest,Random Forest with undersampled data-2 124 features,10.8707,0.3122,0.7664,0.6654,0.6661,0.8504,0.7243,0.7273,0.7673,0.6631,0.664
Model-7 Extra Trees,Extra Trees with undersampled data-2 124 features,1.482,0.0905,0.6738,0.6502,0.6482,0.7405,0.7059,0.7023,0.6771,0.6559,0.6536
Model-8 Bagging Meta Estimator,Bagging Meta Estimator with undersampled data-2 124 features,2.7168,0.1855,0.9844,0.6477,0.6446,0.999,0.6978,0.6983,0.9842,0.621,0.6164
Model-9 ADABoost SAMME,ADABoost SAMME with undersampled data-2 124 features,22.8602,0.3029,0.7185,0.6966,0.695,0.7989,0.758,0.7594,0.7174,0.6971,0.6948
Model-10 XGBoost,XGBoost with undersampled data-2 124 features,24.6443,0.0366,0.7312,0.6937,0.6940,0.8116,0.7612,0.7611,0.7308,0.6935,0.6935
Model-11 ADABoost,ADABoost with undersampled data-2 124 features,120.2588,2.8816,0.6774,0.6776,0.6771,0.7388,0.7402,0.7398,0.6749,0.6740,0.6725
Model-12 CATBoost,CATBoost  with undersampled data-2 124 features,6.4653,0.1827,0.6964,0.6904,0.6926,0.7671,0.758,0.7591,0.6954,0.6901,0.6906
Model 13 - XGBOOST -Feature &hyperParameter Tuning,XGBOOST Tuned with x>0 112 features,16.3471,0.0319,0.7308,0.6959,0.6956,0.8101,0.7610,0.7618,0.7296,0.6954,0.6938
Model 14 - XGBOOST -Feature &hyperParameter Tuning,XGBOOST Tuned with x>0.1 42 features,13.6924,0.0257,0.7245,0.6944,0.6952,0.8029,0.7611,0.7616,0.7239,0.6939,0.6933
Model 15 - XGBOOST -Feature &hyperParameter Tuning,XGBOOST Tuned with x>0.005 111 features,21.2228,0.0322,0.7299,0.6931,0.6939,0.8110,0.7616,0.7606,0.7293,0.6923,0.6929
Model 16 - CatBOOST -Feature &hyperParameter Tuning,CatBOOST Tuned with x>0 120 features,20.8028,0.2269,0.7528,0.6935,0.6970,0.8367,0.7594,0.7618,0.7524,0.6940,0.6964
Model 17 - CatBOOST -Feature &hyperParameter Tuning,CatBOOST Tuned with x>0.1 103 features,19.0881,0.2117,0.7513,0.6897,0.6944,0.8358,0.7590,0.7612,0.7510,0.6908,0.6935
Model 18 - CatBOOST -Feature &hyperParameter Tuning,CatBOOST Tuned with x>0.005 113 features,19.3895,0.2194,0.7513,0.6931,0.6959,0.8360,0.7596,0.7619,0.7508,0.6935,0.6952
Model 19 - Random Forest -Feature &hyperParameter Tuning,Random Forest Tuned with x>0 116 features,1.1767,0.048,0.7531,0.6821,0.6801,0.8325,0.7412,0.7409,0.757,0.6838,0.6816
Model 20 - Random Forest -Feature &hyperParameter Tuning,Random Forest Tuned with x>0.1 19 features,0.5466,0.0414,0.696,0.6733,0.6631,0.7617,0.7264,0.7218,0.6973,0.6763,0.6648
Model 21 - Random Forest -Feature &hyperParameter Tuning,Random Forest Tuned with x>0.005 58 features,1.0561,0.0435,0.7513,0.6841,0.6808,0.8299,0.7429,0.743,0.7544,0.6862,0.6822
Model 22 - Ensemble Learner - Voting Classsifier,"Tuned and selected XgBoost, catboost, random forest  58 features",111.86,0.2854,0.7475,0.6912,0.6948,0.8292,0.7597,0.761,0.7476,0.6919,0.6943
Model 23 - Ensemble Learner - Stacking Classsifier,"Tuned and selected XgBoost, catboost, random forest  58 features",228.2858,0.3566,0.7403,0.6951,0.6967,0.8228,0.7612,0.7629,0.7397,0.6958,0.6958